reward/env_0,reward/env_1
-13299.630018925609,
-13529.603192049995,
-43548.29849554661,
-10429.283459770451,
,-22946.7318523434
-44324.451661383995,
-44587.44512207578,
-10247.542192336326,
,-22818.760288629583
-47255.32430741973,
