reward/env_0,reward/env_1
-55847.257061215074,
,-34395.11387612755
-54355.82227622025,
,-29569.3790516549
-54169.851641923866,
,-27559.444519646127
